[{"model": "admin.logentry", "pk": 1, "fields": {"action_time": "2021-05-19T10:09:34.987Z", "user": 1, "content_type": 14, "object_id": "1", "object_repr": "Lift Off® Energy Drink Lemon-Lime 10 tablets", "action_flag": 1, "change_message": "[{\"added\": {}}]"}}, {"model": "admin.logentry", "pk": 2, "fields": {"action_time": "2021-05-19T10:11:08.021Z", "user": 1, "content_type": 14, "object_id": "2", "object_repr": "Herbalife24® Prolong Protein Drink Citrus 900g", "action_flag": 1, "change_message": "[{\"added\": {}}]"}}, {"model": "admin.logentry", "pk": 3, "fields": {"action_time": "2021-05-19T10:12:39.895Z", "user": 1, "content_type": 14, "object_id": "3", "object_repr": "N-R-G Nature's Raw Guarana Caffeine Supplement 60 tablets", "action_flag": 1, "change_message": "[{\"added\": {}}]"}}, {"model": "admin.logentry", "pk": 4, "fields": {"action_time": "2021-05-19T10:15:02.782Z", "user": 1, "content_type": 14, "object_id": "4", "object_repr": "Herbalife24® Hydrate Electrolyte Drink Orange 20 stick pack", "action_flag": 1, "change_message": "[{\"added\": {}}]"}}, {"model": "admin.logentry", "pk": 5, "fields": {"action_time": "2021-05-19T10:16:51.447Z", "user": 1, "content_type": 14, "object_id": "5", "object_repr": "Herbalife24® CR7 Drive Sports Drink Acai Berry 540g canister", "action_flag": 1, "change_message": "[{\"added\": {}}]"}}, {"model": "admin.logentry", "pk": 6, "fields": {"action_time": "2021-05-19T10:18:40.197Z", "user": 1, "content_type": 14, "object_id": "6", "object_repr": "Herbalife24® CR7 Drive Sports Drink Acai Berry 10 sachets 2g each", "action_flag": 1, "change_message": "[{\"added\": {}}]"}}, {"model": "admin.logentry", "pk": 7, "fields": {"action_time": "2021-05-19T10:20:00.484Z", "user": 1, "content_type": 14, "object_id": "7", "object_repr": "Herbalife24® Formula 1 Sport Protein Shake Vanilla Cream 524g", "action_flag": 1, "change_message": "[{\"added\": {}}]"}}, {"model": "admin.logentry", "pk": 8, "fields": {"action_time": "2021-05-19T10:21:51.109Z", "user": 1, "content_type": 14, "object_id": "8", "object_repr": "Formula 1 Protein Shake Banana Cream 550g", "action_flag": 1, "change_message": "[{\"added\": {}}]"}}, {"model": "admin.logentry", "pk": 9, "fields": {"action_time": "2021-05-19T10:23:51.234Z", "user": 1, "content_type": 14, "object_id": "9", "object_repr": "Formula 1 Protein Shake Strawberry Delight 550g", "action_flag": 1, "change_message": "[{\"added\": {}}]"}}, {"model": "admin.logentry", "pk": 10, "fields": {"action_time": "2021-05-19T10:25:09.659Z", "user": 1, "content_type": 14, "object_id": "10", "object_repr": "Formula 1 Protein Shake Spiced Apple 550g", "action_flag": 1, "change_message": "[{\"added\": {}}]"}}, {"model": "auth.user", "pk": 1, "fields": {"password": "pbkdf2_sha256$260000$AXLUrjJE8GoUfn0myfD6Bh$EWNda/UhCiba/AI8X1sbkXYUThyIjBiwB2Wx33V9LmU=", "last_login": "2021-06-09T15:46:18.122Z", "is_superuser": true, "username": "smccaule", "first_name": "", "last_name": "", "email": "siobhanmccauley@gmail.com", "is_staff": true, "is_active": true, "date_joined": "2021-05-11T10:08:48.966Z", "groups": [], "user_permissions": []}}, {"model": "auth.user", "pk": 2, "fields": {"password": "pbkdf2_sha256$260000$wcl3e4UouXWhvlIaVrG20O$gUoplS3ebMeMF08xTTA5z9zzMo3eHVw3a6qFXyzLbg8=", "last_login": null, "is_superuser": false, "username": "siobhanmccauley@test.com", "first_name": "", "last_name": "", "email": "siobhanmccauley@test.com", "is_staff": false, "is_active": true, "date_joined": "2021-06-08T13:21:27.956Z", "groups": [], "user_permissions": []}}, {"model": "auth.user", "pk": 3, "fields": {"password": "pbkdf2_sha256$260000$OAMKuBRNjHYN3B76inTkVH$mWbi9KFP3s0Z2Xr7HpmO+MoX5ILi86fxeRt0S8Vjmes=", "last_login": "2021-06-09T15:55:44.179Z", "is_superuser": true, "username": "siobhanm", "first_name": "", "last_name": "", "email": "siobhanmccauley@gmail.com", "is_staff": true, "is_active": true, "date_joined": "2021-06-09T15:54:43.436Z", "groups": [], "user_permissions": []}}, {"model": "sessions.session", "pk": "1ikhqfnb9s82mjn1pn2b25q9ztwx69x5", "fields": {"session_data": "eyJiYWciOnsiMSI6MX19:1lmd8H:eBfOUrDq4lLbqHyW6uuC7dGnBw7Fnh8skcHCfnlesn0", "expire_date": "2021-06-11T14:06:37.548Z"}}, {"model": "sessions.session", "pk": "1y590vrhmkgkolifzj0cgb7ky9pri8l3", "fields": {"session_data": ".eJxVjEEOwiAQRe_C2pAOAxRcuu8ZyMCgVA0kpV0Z765NutDtf-_9lwi0rSVsPS9hZnEWKE6_W6T0yHUHfKd6azK1ui5zlLsiD9rl1Dg_L4f7d1Col2_tIYFGjdlEdqggGx8je_DWUBqUdXQlRGZWyWawA6IDpdmzxlGPOon3B9HWNz0:1lr0uE:UbA-ATQ6kuqWeL0JFl2KGgV-Y322QyhSbNWSJfxrsXw", "expire_date": "2021-06-23T16:18:14.035Z"}}, {"model": "sessions.session", "pk": "526kidsnjinqbjxt7f5drf3puagvbez4", "fields": {"session_data": "eyJzYXZlX2luZm8iOmZhbHNlfQ:1lot2G:7P5biI5GmTTK_oJsmB4Xzs4LZcmy93nGxApxfis5MCM", "expire_date": "2021-06-17T19:29:44.896Z"}}, {"model": "sessions.session", "pk": "djeku1i7y03tl45tqazrjhxc0t8ynuj2", "fields": {"session_data": "OGZlNDEzZjVhYjAzZTYzZjY2YWVhMTVmN2Y1NTExOWQ1Y2ZkNzk3ODp7ImJhZyI6eyIxMCI6NCwiMiI6NH19", "expire_date": "2021-06-08T14:08:28.088Z"}}, {"model": "sessions.session", "pk": "j4e1hs1mdz4r1arq690w1ory8r1dtegq", "fields": {"session_data": "eyJiYWciOnsiMTAiOjMsIjciOjF9fQ:1loOkP:f26KkiIU9BAZ8natPvvpE6S7Cj_D9-eXa8yN72jbyhc", "expire_date": "2021-06-16T11:09:17.187Z"}}, {"model": "sessions.session", "pk": "jtc0v8j4i31gji5db2rs69isrutny2dw", "fields": {"session_data": "e30:1lr0PK:-CTcTp2bJ9h81cflPHJPR8KBZB_Jv-2N8XNERUDOALE", "expire_date": "2021-06-23T15:46:18.100Z"}}, {"model": "sessions.session", "pk": "kladgxjlkrbikrhzlvit2fuca6d1hrv0", "fields": {"session_data": "YWU3ZmY4NDBlMmUyZjJlMTJiNGM2MmE1NjhmYTQ5YjhkMmQ0NWZlNzp7Il9hdXRoX3VzZXJfaWQiOiIxIiwiX2F1dGhfdXNlcl9iYWNrZW5kIjoiYWxsYXV0aC5hY2NvdW50LmF1dGhfYmFja2VuZHMuQXV0aGVudGljYXRpb25CYWNrZW5kIiwiX2F1dGhfdXNlcl9oYXNoIjoiN2M5YTU5OWQyNTcwOTdlYmI5MjNlNjczZmI1MTAyNmJiYTRjMWFhNyJ9", "expire_date": "2021-06-02T10:07:39.118Z"}}, {"model": "sessions.session", "pk": "nu9bn8clrodlbm42nb4dne2f8zp0s94r", "fields": {"session_data": ".eJxFyTEKgDAMBdC7_LmDdcxlQtRUArWVxooi3t3Rt74HLqeylVRBSbJrwCQr6EEcQPENkHmuvRx8arNkurBuYhlUes7_dtcGwogAdnW3Wliv3doNGt4PN4Ej5g:1lr0Ot:4WrhSbHoGU4W6CeupoehrKo2hblQ9JIg7UU1zj287Xo", "expire_date": "2021-06-23T15:45:51.407Z"}}, {"model": "sessions.session", "pk": "srmxzvafqsetadasjr1miroqcebvip7u", "fields": {"session_data": "eyJiYWciOnsiMyI6MX19:1loRW0:6fx-UcuviwHOZUqTKEnOF9Qyd4UYzr__a4e-sk-qWPA", "expire_date": "2021-06-16T14:06:36.628Z"}}, {"model": "sessions.session", "pk": "u1fddztp5xmfjao0hnb7duw7mlyae21t", "fields": {"session_data": ".eJxVjEEOwiAQRe_C2hAYkIJL956BwMxUqgaS0q6MdzckXej2v_f-W8S0byXunde4kLgILU6_W0745DoAPVK9N4mtbuuS5VDkQbu8NeLX9XD_DkrqZdSesmWLTEEjBKWdJ1CO5rNBTWzATV5RBmJ0JgNz0DOiJbYweZeU-HwB_kU4jg:1lgUtV:slcdzaDRlRISEOjgsoxNGlAdJ1oLPsDl2hKOUz_aVho", "expire_date": "2021-05-25T16:06:01.833Z"}}, {"model": "sessions.session", "pk": "xgku4zym3jznfcu2xvea8zb292q7fta2", "fields": {"session_data": ".eJxVjDsOwyAQRO9CHVl8Fv-65CJogV0ZxcJSgDRR7h47cuNy3sy8jyj4Jpcyb2Kur0Y34bDVxbVCL5eimIUSF-YxPCkfBa7rgTsMYWu5dv_NWZfuvifKNQWsacuP83VRLViW3TMOkQfFUwiGydsIYH2vFBvNIC2w0mD8zsdewkRWMgMaqXWMQdlIIL4_VHNCkQ:1loo6s:l9CkZEt5ddIw8HcbeQM5pbXcSHd2gH2ynEdbLeywct8", "expire_date": "2021-06-17T14:14:10.966Z"}}, {"model": "sessions.session", "pk": "xm5ysmluhiceeg3nraz1ww032sqzdyq7", "fields": {"session_data": ".eJxVjEsOgzAMRO-SdYXixOG3ay-CHCcuqChIJawQd2-oWLTLeTPzdjXQlsdhW-N7mILqFajbL_PEr5jOgub5xBUxL1vK1Xdz1Wt1LymmPDHlaUmP6_WnGmkdi6dtgjQgHbOV6F1AdL4GEGsEtUMBg9YX3tYau-i0CJLVxoTA4ELEIvX0VP2uQKsejuMDaMRASQ:1lmZlg:iwGvU51iT8xxes-hUrHg84UIyUJXLoUfFBI79BpVFx0", "expire_date": "2021-06-11T10:31:04.735Z"}}, {"model": "sites.site", "pk": 1, "fields": {"domain": "example.com", "name": "example.com"}}, {"model": "account.emailaddress", "pk": 1, "fields": {"user": 2, "email": "siobhanmccauley@test.com", "verified": false, "primary": true}}, {"model": "account.emailaddress", "pk": 2, "fields": {"user": 1, "email": "siobhanmccauley@gmail.com", "verified": false, "primary": false}}, {"model": "products.category", "pk": 1, "fields": {"name": "nutrition_products", "friendly_name": "Nutrition Products"}}, {"model": "products.category", "pk": 2, "fields": {"name": "nutrition_products", "friendly_name": "Nutrition Products"}}, {"model": "products.category", "pk": 3, "fields": {"name": "nutrition_products", "friendly_name": "Nutrition Products"}}, {"model": "products.category", "pk": 4, "fields": {"name": "energy_products", "friendly_name": "Energy Products"}}, {"model": "products.category", "pk": 5, "fields": {"name": "sports_drink", "friendly_name": "Sports Drink"}}, {"model": "products.category", "pk": 6, "fields": {"name": "nutrition_products", "friendly_name": "Nutrition Products"}}, {"model": "products.category", "pk": 7, "fields": {"name": "sports_drink", "friendly_name": "Sports Drink"}}, {"model": "products.category", "pk": 8, "fields": {"name": "nutrition_products", "friendly_name": "Nutrition Products"}}, {"model": "products.category", "pk": 9, "fields": {"name": "energy_products", "friendly_name": "Energy products"}}, {"model": "products.product", "pk": 1, "fields": {"category": 1, "sku": "pp5001340155", "name": "Lift Off® Energy Drink Lemon-Lime 10 tablets", "description": "Re-energise and hydrate your body with LiftOff Lemon-Lime flavour – a low-calorie, effervescent energy drink that contains caffeine powder and natural caffeine* from Guarana. At just 10kcal per serving and high in Vitamin C, LiftOff is a great, healthier alternative to fizzy sugary drinks.\r\n\r\nEvery serving provides 75 mg of caffeine, to help increase alertness and improve concentration.", "has_sizes": false, "price": "29.38", "rating": null, "image_url": null, "image": "lemon-lime-tablets_y8IL6S5.jpeg"}}, {"model": "products.product", "pk": 2, "fields": {"category": 1, "sku": "pp5001600425", "name": "Herbalife24® Prolong Protein Drink Citrus 900g", "description": "Herbalife24® is the market’s first 24-hour sports nutrition line that is used by more than 190 sporting teams, athletes and events around the world to help them perform at their best.\r\n\r\nDeveloped by experts in sports nutrition, Herbalife24® Prolong is a unique carbohydrate-protein drink enriched with vitamins and minerals, making it perfect to take during intensive or extensive exercise. It contains 6.8g whey protein to support the growth and maintenance of lean muscle mass.", "has_sizes": false, "price": "61.56", "rating": null, "image_url": null, "image": "herbalife24-prolong-citrus-900g_xuFnkM5.jpeg"}}, {"model": "products.product", "pk": 3, "fields": {"category": 1, "sku": "pp5001730010", "name": "N-R-G Nature's Raw Guarana Caffeine Supplement 60 tablets", "description": "N-R-G Nature’s Raw Guarana is a food supplement made from guarana, an ancient Amazonian seed that contains caffeine* to help support alertness and orange pekoe, a traditional black tea with a fine and rich flavour.", "has_sizes": false, "price": "25.53", "rating": null, "image_url": null, "image": "0124-ie-n-r-g-nature-s-raw-guarana-60-tablets_IDK5iER.jpeg"}}, {"model": "products.product", "pk": 4, "fields": {"category": 1, "sku": "pp5001890157", "name": "Herbalife24® Hydrate Electrolyte Drink Orange 20 stick pack", "description": "Herbalife24® Hydrate is a calorie free electrolyte drink designed to encourage fluid consumption which contains 100% RDA of vitamin C to help reduce tiredness and fatigue. It provides B vitamins (B1, B2, pantothenic acid and B12) and calcium and magnesium, all contributing to normal energy-yielding metabolism.\r\n\r\nHerbalife24® Hydrate is perfect for anyone who needs low-calorie hydration during intense training or after exercising.", "has_sizes": false, "price": "46.14", "rating": null, "image_url": null, "image": "1433-ie-herbalife24-hydrate-orange-20-stick-pack_g8BQH64.jpeg"}}, {"model": "products.product", "pk": 5, "fields": {"category": 5, "sku": "pp5002111605", "name": "Herbalife24® CR7 Drive Sports Drink Acai Berry 540g canister", "description": "Being an athlete is a lifestyle that requires dynamic nutrition for your daily needs. Whether you’re playing an intense game of football or hitting the treadmill, you need products that will help you prepare, train and recover.  \r\n\r\nHerbalife24® CR7 Drive is a delicious and refreshing carbohydrate-electrolyte drink for maintaining endurance performance during prolonged exercise, perfect for taking during exercise or sports.\r\n\r\nIt is an acai berry flavoured sports drink developed by experts in nutrition and international football star Cristiano Ronaldo that is proven to enhance the absorption of water during exercise* and help maintain endurance performance.**", "has_sizes": false, "price": "21.49", "rating": null, "image_url": null, "image": "1466-ie-herbalife24-cr7-drive-acai-berry-540g-canister_1JzTR6T.jpeg"}}, {"model": "products.product", "pk": 6, "fields": {"category": 5, "sku": "pp5002260206", "name": "Herbalife24® CR7 Drive Sports Drink Acai Berry 10 sachets 2g each", "description": "Being an athlete is a lifestyle that requires dynamic nutrition for your daily needs. Whether you’re playing an intense game of football or hitting the treadmill, you need products that will help you prepare, train and recover.  \r\n\r\nHerbalife24® CR7 Drive is a delicious and refreshing carbohydrate-electrolyte drink for maintaining endurance performance during prolonged exercise, perfect for taking during exercise or sports.\r\n\r\nIt is an acai berry flavoured sports drink developed by experts in nutrition and international football star Cristiano Ronaldo that is proven to enhance the absorption of water during exercise* and help maintain endurance performance.**", "has_sizes": false, "price": "12.98", "rating": null, "image_url": null, "image": "1467-ie-herbalife24-cr7-drive-acai-berry-10-sachets-2g-each_ci7bOBE.jpeg"}}, {"model": "products.product", "pk": 7, "fields": {"category": 5, "sku": "pp5002440521", "name": "Herbalife24® Formula 1 Sport Protein Shake Vanilla Cream 524g", "description": "Inspired by our pioneering Formula 1 range, our Formula 1 Sport has been specially designed for the specific nutritional needs of athletes.\r\n\r\nFormula 1 Sport contains 219 calories per serving to help manage your calorific intake and offers convenience, great taste and nutrition in one shake. It contains a unique blend of carbohydrates, high-quality protein, fibre, essential vitamins and minerals, making it a reliable, healthy meal to have before an intense workout.", "has_sizes": false, "price": "60.46", "rating": null, "image_url": null, "image": "4461-ie-herbalife24-formula-1-sport-vanilla-cream-524g_k0tDxom.jpeg"}}, {"model": "products.product", "pk": 8, "fields": {"category": 5, "sku": "pp5002601115", "name": "Formula 1 Protein Shake Banana Cream 550g", "description": "Meet Formula 1 Banana Cream: a quick-to-prepare nutritionally complete meal that delivers the perfect balance of protein, carbs, essential fats, fibre, vitamins and minerals. And it tastes great. \r\n\r\nOur Formula 1 shake is made from vegan ingredients and each serving contains 18g of protein, which supports the maintenance and growth of muscle mass. \r\n\r\nPacked with vitamins and minerals, fibre and essential micronutrients, our pioneering product comes in a range of exciting flavours.\r\n\r\nFormula 1 is easy to prepare and has a deliciously creamy taste. It is a shake designed to meet your nutritional needs.\r\n\r\nEnjoy every day as a healthy meal option.", "has_sizes": false, "price": "40.29", "rating": null, "image_url": null, "image": "4462-ie-formula-1-banana-cream-550g_MrAFUa6.jpeg"}}, {"model": "products.product", "pk": 9, "fields": {"category": 4, "sku": "pp5002690715", "name": "Formula 1 Protein Shake Strawberry Delight 550g", "description": "Meet Formula 1 Strawberry Delight: a quick-to-prepare nutritionally complete meal that delivers the perfect balance of protein, carbs, essential fats, fibre, vitamins and minerals. And it tastes great. \r\n\r\nOur Formula 1 shake is made from vegan ingredients and each serving contains 18g of protein, which supports the maintenance and growth of muscle mass. \r\n\r\nPacked with vitamins and minerals, fibre and essential micronutrients, our pioneering product comes in a range of exciting flavours.\r\n\r\nFormula 1 is easy to prepare and has a deliciously creamy taste. It is a shake designed to meet your nutritional needs.\r\n\r\nEnjoy every day as a healthy meal option.", "has_sizes": false, "price": "40.29", "rating": null, "image_url": null, "image": "4463-ie-formula-1-strawberry-delight-550g_kqaa6Se.jpeg"}}, {"model": "products.product", "pk": 10, "fields": {"category": 9, "sku": "pp5002701115", "name": "Formula 1 Protein Shake Spiced Apple 550g", "description": "Meet Formula 1 Spiced Apple: a quick-to-prepare nutritionally complete meal that delivers the perfect balance of protein, carbs, essential fats, fibre, vitamins and minerals. And it tastes great. \r\n\r\nOur Formula 1 shake is made from vegan ingredients and each serving contains 18g of protein, which supports the maintenance and growth of muscle mass. \r\n\r\nPacked with vitamins and minerals, fibre and essential micronutrients, our pioneering product comes in a range of exciting flavours.\r\n\r\nFormula 1 is easy to prepare and has a deliciously creamy taste. It is a shake designed to meet your nutritional needs.\r\n\r\nEnjoy every day as a healthy meal option.", "has_sizes": false, "price": "40.29", "rating": null, "image_url": null, "image": "4464-ie-formula-1-spiced-apple-550g_tmnmnRg.jpeg"}}, {"model": "products.product", "pk": 11, "fields": {"category": 1, "sku": "pp5002260206", "name": "Lift Off® Energy Drink Lemon-Lime 10 tablets", "description": "ghyt", "has_sizes": false, "price": "14.99", "rating": null, "image_url": null, "image": ""}}, {"model": "products.product", "pk": 12, "fields": {"category": 1, "sku": null, "name": "test", "description": "test", "has_sizes": false, "price": "123.45", "rating": null, "image_url": null, "image": ""}}, {"model": "checkout.order", "pk": 1, "fields": {"order_number": "2B2CE4EB0900436C99D4F2FE74A6148D", "full_name": "Siobhan McCauley", "email": "siobhanmccauley@gmail.com", "phone_number": "+353852511000", "country": "Ireland", "postcode": "D04 AD62", "town_or_city": "Dublin", "street_address1": "102 The Westmoreland", "street_address2": "Charlotte Quay Dock", "county": "Dublin", "date": "2021-06-03T14:00:20.393Z", "delivery_cost": "0.00", "order_total": "106.54", "grand_total": "106.54", "original_bag": "", "stripe_pid": ""}}, {"model": "checkout.order", "pk": 2, "fields": {"order_number": "84911D2BB6584218BD671C262530F69D", "full_name": "Siobhan McCauley", "email": "siobhanmccauley@gmail.com", "phone_number": "+353852511000", "country": "Ireland", "postcode": "D04 AD62", "town_or_city": "Dublin", "street_address1": "102 The Westmoreland", "street_address2": "Charlotte Quay Dock", "county": "Dublin", "date": "2021-06-03T14:14:10.685Z", "delivery_cost": "1.30", "order_total": "12.98", "grand_total": "14.28", "original_bag": "", "stripe_pid": ""}}, {"model": "checkout.order", "pk": 3, "fields": {"order_number": "5D61E6EF6FFE41A4A50A829350EF5FAD", "full_name": "test", "email": "testy@test.com", "phone_number": "434555444433", "country": "US", "postcode": "20392", "town_or_city": "The town", "street_address1": "the street 4", "street_address2": null, "county": "Alabama", "date": "2021-06-03T19:29:44.687Z", "delivery_cost": "0.00", "order_total": "61.56", "grand_total": "61.56", "original_bag": "", "stripe_pid": ""}}, {"model": "checkout.order", "pk": 4, "fields": {"order_number": "32ACFF1758294CE2B2325729256531F2", "full_name": "Siobhan McCauley", "email": "siobhanmccauley@gmail.com", "phone_number": "+353852511000", "country": "US", "postcode": "D04 AD62", "town_or_city": "Dublin", "street_address1": "102 The Westmoreland", "street_address2": "Charlotte Quay Dock", "county": "Dublin", "date": "2021-06-04T10:51:51.626Z", "delivery_cost": "0.00", "order_total": "60.46", "grand_total": "60.46", "original_bag": "", "stripe_pid": ""}}, {"model": "checkout.order", "pk": 5, "fields": {"order_number": "8401A669D1C34631A6622B54D4A2240A", "full_name": "Siobhan McCauley", "email": "siobhanmccauley@gmail.com", "phone_number": "+353852511000", "country": "IE", "postcode": "D04 AD62", "town_or_city": "Dublin", "street_address1": "102 The Westmoreland", "street_address2": "Charlotte Quay Dock", "county": "Dublin", "date": "2021-06-04T11:05:42.040Z", "delivery_cost": "0.00", "order_total": "60.46", "grand_total": "60.46", "original_bag": "{\"7\": 1}", "stripe_pid": "pi_1IyapsAkgpOpq9ZGsjlEUrzT"}}, {"model": "checkout.order", "pk": 6, "fields": {"order_number": "B6E9594B64CE4946B1B191A5ED67B72B", "full_name": "Siobhan McCauley", "email": "siobhanmccauley@gmail.com", "phone_number": "+353852511000", "country": "US", "postcode": "D04 AD62", "town_or_city": "Dublin", "street_address1": "102 The Westmoreland", "street_address2": "Charlotte Quay Dock", "county": "Dublin", "date": "2021-06-04T11:07:40.933Z", "delivery_cost": "0.00", "order_total": "60.46", "grand_total": "60.46", "original_bag": "{\"7\": 1}", "stripe_pid": "pi_1IyarhAkgpOpq9ZGelPGcial"}}, {"model": "checkout.order", "pk": 7, "fields": {"order_number": "A40082DA1AE04008B28E8088EE87F1F6", "full_name": "Siobhan McCauley", "email": "siobhanmccauley@gmail.com", "phone_number": "+353852511000", "country": "US", "postcode": "D04 AD62", "town_or_city": "Dublin", "street_address1": "102 The Westmoreland", "street_address2": "Charlotte Quay Dock", "county": "Dublin", "date": "2021-06-04T11:12:15.120Z", "delivery_cost": "0.00", "order_total": "60.46", "grand_total": "60.46", "original_bag": "{\"7\": 1}", "stripe_pid": "pi_1IyawMAkgpOpq9ZG5nlF8Xam"}}, {"model": "checkout.orderlineitem", "pk": 1, "fields": {"order": 1, "product": 6, "product_size": null, "quantity": 2, "lineitem_total": "25.96"}}, {"model": "checkout.orderlineitem", "pk": 2, "fields": {"order": 1, "product": 10, "product_size": null, "quantity": 2, "lineitem_total": "80.58"}}, {"model": "checkout.orderlineitem", "pk": 3, "fields": {"order": 2, "product": 6, "product_size": null, "quantity": 1, "lineitem_total": "12.98"}}, {"model": "checkout.orderlineitem", "pk": 4, "fields": {"order": 3, "product": 2, "product_size": null, "quantity": 1, "lineitem_total": "61.56"}}, {"model": "checkout.orderlineitem", "pk": 5, "fields": {"order": 4, "product": 7, "product_size": null, "quantity": 1, "lineitem_total": "60.46"}}, {"model": "checkout.orderlineitem", "pk": 6, "fields": {"order": 5, "product": 7, "product_size": null, "quantity": 1, "lineitem_total": "60.46"}}, {"model": "checkout.orderlineitem", "pk": 7, "fields": {"order": 6, "product": 7, "product_size": null, "quantity": 1, "lineitem_total": "60.46"}}, {"model": "checkout.orderlineitem", "pk": 8, "fields": {"order": 7, "product": 7, "product_size": null, "quantity": 1, "lineitem_total": "60.46"}}, {"model": "profiles.userprofile", "pk": 1, "fields": {"user": 2, "default_phone_number": null, "default_street_address1": null, "default_street_address2": null, "default_town_or_city": null, "default_county": null, "default_postcode": null, "default_country": null}}, {"model": "profiles.userprofile", "pk": 2, "fields": {"user": 3, "default_phone_number": null, "default_street_address1": null, "default_street_address2": null, "default_town_or_city": null, "default_county": null, "default_postcode": null, "default_country": null}}]